{
  "version": 2,
  "builds": [
    {
      "src": "frontend/package.json",
      "use": "@vercel/static-build",
      "config": {
        "distDir": "build"
      }
    }
  ],
  "routes": [
    {
      "src": "/api/(.*)",
      "dest": "/api/$1"
    },
    {
      "src": "/(.*)",
      "dest": "/frontend/$1"
    }
  ],
  "buildCommand": "cd frontend && npm run build",
  "outputDirectory": "frontend/build",
  "installCommand": "cd frontend && npm install",
  "devCommand": "cd frontend && npm start",
  "framework": "create-react-app",
  "regions": ["hnd1", "nrt1"],
  "headers": [
    {
      "source": "/sw.js",
      "headers": [
        {
          "key": "Cache-Control",
          "value": "public, max-age=0, must-revalidate"
        },
        {
          "key": "Service-Worker-Allowed",
          "value": "/"
        }
      ]
    },
    {
      "source": "/manifest.json",
      "headers": [
        {
          "key": "Cache-Control",
          "value": "public, max-age=31536000, immutable"
        },
        {
          "key": "Content-Type",
          "value": "application/manifest+json"
        }
      ]
    },
    {
      "source": "/(.*)",
      "headers": [
        {
          "key": "X-Frame-Options",
          "value": "DENY"
        },
        {
          "key": "X-Content-Type-Options",
          "value": "nosniff"
        },
        {
          "key": "Referrer-Policy",
          "value": "strict-origin-when-cross-origin"
        }
      ]
    }
  ],
  "rewrites": [
    {
      "source": "/((?!api).*)",
      "destination": "/index.html"
    }
  ],
  "env": {
    "REACT_APP_VERSION": "1.0.0",
    "REACT_APP_BUILD_TIME": "$VERCEL_GITHUB_COMMIT_TIMESTAMP",
    "REACT_APP_COMMIT_SHA": "$VERCEL_GITHUB_COMMIT_SHA"
  },
  "functions": {
    "frontend/src/api/**/*.js": {
      "runtime": "nodejs18.x",
      "maxDuration": 30
    }
  }
}